<?xml version="1.0"?>
<module>
  <id>base-kit</id>
  <name>BaseKit SiteBuilder</name>
  <description> BaseKit offers a complete sitebuilding solution for your small business customers. This includes site, blog and store. All of these applications are integrated into a single user interface and work seamlessly across any device. </description>
  <category>web_app</category>
  <buy_url>https://go.plesk.com/buy-plesk-ext/base-kit</buy_url>
  <version>1.1</version>
  <release>2</release>
  <vendor>BaseKit SiteBuilder</vendor>
  <url>http://www.basekit.com</url>
  <help_url>http://resources.basekit.com/docs/plesk</help_url>
  <support_url>https://basekit.zendesk.com/hc/en-us/requests/new</support_url>
  <plesk_min_version>12.5</plesk_min_version>
</module>